Strike price,09:27,09:33,09:50,10:05,10:19,10:28,10:39,10:53,11:06,11:18,11:28
21550,28,28,28,28,28,28,28,28,28,28,28
21600,-4,-4,-4,-4,-4,-4,-4,-4,-4,-4,-4
21650,11,11,11,11,11,11,11,11,11,11,11
21700,-88,-88,-88,-88,-88,-88,-88,-88,-88,-88,-88
21750,-539,-539,-539,-539,-539,-539,-539,-539,-539,-539,-539
21800,-9,-9,-9,-9,-9,-9,-9,-9,-9,-9,-9
21850,9,9,9,9,9,9,9,9,9,9,9
21900,-191,-191,-191,-191,-191,-191,-191,-191,-191,-191,-191
21950,-344,-344,-344,-344,-344,-344,-344,-344,-344,-344,-344
22000,-6,-6,-6,-6,-6,-6,-6,-6,-6,-6,-6
22050,-70,-70,-70,-70,-70,-70,-70,-70,-70,-70,-70
22100,-31,-31,-31,-31,-31,-31,-31,-31,-31,-31,-31
22150,-33,-33,-33,-33,-33,-33,-33,-33,-33,-33,-33
22200,-52,-52,-52,-52,-52,-52,-52,-52,-52,-52,-52
22250,-88,-88,-88,-88,-88,-88,-88,-88,-88,-88,-88
22300,-160,-160,-160,-160,-160,-160,-160,-160,-160,-160,-160
22350,-150,-150,-150,-150,-150,-150,-150,-150,-150,-150,-150
22400,-122,-122,-122,-122,-122,-122,-122,-122,-122,-122,-122
22450,-68,-68,-68,-68,-68,-68,-68,-68,-68,-68,-68
22500,-23,-23,-23,-23,-23,-23,-23,-23,-23,-23,-23
22550,-74,-74,-74,-74,-74,-74,-74,-74,-74,-74,-74
22600,-15,-15,-15,-15,-15,-15,-15,-15,-15,-15,-15
22650,-22,-22,-22,-22,-22,-22,-22,-22,-22,-22,-22
22700,-7,-7,-7,-7,-7,-7,-7,-7,-7,-7,-7
22750,-4,-4,-4,-4,-4,-4,-4,-4,-4,-4,-4
22800,-6,-6,-6,-6,-6,-6,-6,-6,-6,-6,-6
22850,-3,-3,-3,-3,-3,-3,-3,-3,-3,-3,-3
22900,-2,-2,-2,-2,-2,-2,-2,-2,-2,-2,-2
22950,-3,-3,-3,-3,-3,-3,-3,-3,-3,-3,-3
23000,-5,-5,-5,-5,-5,-5,-5,-5,-5,-5,-5
23050,-4,-4,-4,-4,-4,-4,-4,-4,-4,-4,-4
23100,-3,-3,-3,-3,-3,-3,-3,-3,-3,-3,-3
23150,0,0,0,0,0,0,0,0,0,0,0
23200,-5,-5,-5,-5,-5,-5,-5,-5,-5,-5,-5
23250,2,2,2,2,2,2,2,2,2,2,2
23300,-2,-2,-2,-2,-2,-2,-2,-2,-2,-2,-2
23350,-1,-1,-1,-1,-1,-1,-1,-1,-1,-1,-1
23400,-2,-2,-2,-2,-2,-2,-2,-2,-2,-2,-2
23450,2,2,2,2,2,2,2,2,2,2,2
23500,-4,-4,-4,-4,-4,-4,-4,-4,-4,-4,-4
