time,H1,AVG_H1
2026-10-05 09:33:10,75,75
2026-10-05 09:36:46,63,69
2026-10-05 09:54:58,68,69
2026-10-05 10:25:01,39,61
2026-10-05 10:25:28,17,52
2026-10-05 10:46:39,18,47
2026-10-05 11:02:45,55,48
2026-10-05 11:07:34,50,48
2026-10-05 11:23:11,29,46
2026-10-05 11:33:38,57,47
2026-10-05 11:59:37,17,44
2026-10-05 12:23:57,25,43
2026-10-05 12:38:45,33,42
2026-10-05 12:57:24,29,41
2026-10-05 13:13:38,35,41
2026-10-05 13:27:14,36,40
2026-10-05 13:39:47,64,42
2026-10-05 13:59:15,79,44
2026-10-05 14:08:23,24,43
2026-10-05 14:16:01,74,44
2026-10-05 14:26:19,61,45
2026-10-05 14:29:48,60,46
2026-10-05 14:41:40,63,47
2026-10-05 14:44:35,65,47
2026-10-05 14:55:12,53,48
2026-10-05 15:04:30,38,47
