Strike price,09:27 CE,09:27 PE,09:33 CE,09:33 PE,09:50 CE,09:50 PE,10:05 CE,10:05 PE,10:19 CE,10:19 PE,10:28 CE,10:28 PE,10:39 CE,10:39 PE,10:53 CE,10:53 PE,11:06 CE,11:06 PE
21550,1181.35,4.3,1181.35,4.3,1181.35,4.3,1181.35,4.3,1181.35,4.3,1181.35,4.3,1181.35,4.3,1181.35,4.3,1181.35,4.3
21600,834.5,4.75,834.5,4.75,834.5,4.75,834.5,4.75,834.5,4.75,834.5,4.75,834.5,4.75,834.5,4.75,834.5,4.75
21650,793.0,5.15,793.0,5.15,793.0,5.15,793.0,5.15,793.0,5.15,793.0,5.15,793.0,5.15,793.0,5.15,793.0,5.15
21700,755.85,5.85,755.85,5.85,755.85,5.85,755.85,5.85,755.85,5.85,755.85,5.85,755.85,5.85,755.85,5.85,755.85,5.85
21750,691.65,6.95,691.65,6.95,691.65,6.95,691.65,6.95,691.65,6.95,691.65,6.95,691.65,6.95,691.65,6.95,691.65,6.95
21800,661.9,8.0,661.9,8.0,661.9,8.0,661.9,8.0,661.9,8.0,661.9,8.0,661.9,8.0,661.9,8.0,661.9,8.0
21850,618.1,9.5,618.1,9.5,618.1,9.5,618.1,9.5,618.1,9.5,618.1,9.5,618.1,9.5,618.1,9.5,618.1,9.5
21900,559.8,12.0,559.8,12.0,559.8,12.0,559.8,12.0,559.8,12.0,559.8,12.0,559.8,12.0,559.8,12.0,559.8,12.0
21950,518.4,15.1,518.4,15.1,518.4,15.1,518.4,15.1,518.4,15.1,518.4,15.1,518.4,15.1,518.4,15.1,518.4,15.1
22000,472.5,19.0,472.5,19.0,472.5,19.0,472.5,19.0,472.5,19.0,472.5,19.0,472.5,19.0,472.5,19.0,472.5,19.0
22050,426.8,23.45,426.8,23.45,426.8,23.45,426.8,23.45,426.8,23.45,426.8,23.45,426.8,23.45,426.8,23.45,426.8,23.45
22100,379.4,28.55,379.4,28.55,379.4,28.55,379.4,28.55,379.4,28.55,379.4,28.55,379.4,28.55,379.4,28.55,379.4,28.55
22150,340.8,36.0,340.8,36.0,340.8,36.0,340.8,36.0,340.8,36.0,340.8,36.0,340.8,36.0,340.8,36.0,340.8,36.0
22200,297.3,45.1,297.3,45.1,297.3,45.1,297.3,45.1,297.3,45.1,297.3,45.1,297.3,45.1,297.3,45.1,297.3,45.1
22250,259.2,55.85,259.2,55.85,259.2,55.85,259.2,55.85,259.2,55.85,259.2,55.85,259.2,55.85,259.2,55.85,259.2,55.85
22300,220.8,68.3,220.8,68.3,220.8,68.3,220.8,68.3,220.8,68.3,220.8,68.3,220.8,68.3,220.8,68.3,220.8,68.3
22350,188.5,84.8,188.5,84.8,188.5,84.8,188.5,84.8,188.5,84.8,188.5,84.8,188.5,84.8,188.5,84.8,188.5,84.8
22400,156.95,103.6,156.95,103.6,156.95,103.6,156.95,103.6,156.95,103.6,156.95,103.6,156.95,103.6,156.95,103.6,156.95,103.6
22450,128.55,126.0,128.55,126.0,128.55,126.0,128.55,126.0,128.55,126.0,128.55,126.0,128.55,126.0,128.55,126.0,128.55,126.0
22500,104.05,151.6,104.05,151.6,104.05,151.6,104.05,151.6,104.05,151.6,104.05,151.6,104.05,151.6,104.05,151.6,104.05,151.6
22550,82.95,181.9,82.95,181.9,82.95,181.9,82.95,181.9,82.95,181.9,82.95,181.9,82.95,181.9,82.95,181.9,82.95,181.9
22600,65.85,211.8,65.85,211.8,65.85,211.8,65.85,211.8,65.85,211.8,65.85,211.8,65.85,211.8,65.85,211.8,65.85,211.8
22650,50.55,247.15,50.55,247.15,50.55,247.15,50.55,247.15,50.55,247.15,50.55,247.15,50.55,247.15,50.55,247.15,50.55,247.15
22700,39.95,287.55,39.95,287.55,39.95,287.55,39.95,287.55,39.95,287.55,39.95,287.55,39.95,287.55,39.95,287.55,39.95,287.55
22750,31.85,328.8,31.85,328.8,31.85,328.8,31.85,328.8,31.85,328.8,31.85,328.8,31.85,328.8,31.85,328.8,31.85,328.8
22800,25.1,370.35,25.1,370.35,25.1,370.35,25.1,370.35,25.1,370.35,25.1,370.35,25.1,370.35,25.1,370.35,25.1,370.35
22850,20.0,417.25,20.0,417.25,20.0,417.25,20.0,417.25,20.0,417.25,20.0,417.25,20.0,417.25,20.0,417.25,20.0,417.25
22900,15.4,462.8,15.4,462.8,15.4,462.8,15.4,462.8,15.4,462.8,15.4,462.8,15.4,462.8,15.4,462.8,15.4,462.8
22950,12.7,505.55,12.7,505.55,12.7,505.55,12.7,505.55,12.7,505.55,12.7,505.55,12.7,505.55,12.7,505.55,12.7,505.55
23000,10.75,557.65,10.75,557.65,10.75,557.65,10.75,557.65,10.75,557.65,10.75,557.65,10.75,557.65,10.75,557.65,10.75,557.65
23050,8.55,606.8,8.55,606.8,8.55,606.8,8.55,606.8,8.55,606.8,8.55,606.8,8.55,606.8,8.55,606.8,8.55,606.8
23100,7.35,649.4,7.35,649.4,7.35,649.4,7.35,649.4,7.35,649.4,7.35,649.4,7.35,649.4,7.35,649.4,7.35,649.4
23150,6.15,700.25,6.15,700.25,6.15,700.25,6.15,700.25,6.15,700.25,6.15,700.25,6.15,700.25,6.15,700.25,6.15,700.25
23200,5.65,752.45,5.65,752.45,5.65,752.45,5.65,752.45,5.65,752.45,5.65,752.45,5.65,752.45,5.65,752.45,5.65,752.45
23250,4.85,799.75,4.85,799.75,4.85,799.75,4.85,799.75,4.85,799.75,4.85,799.75,4.85,799.75,4.85,799.75,4.85,799.75
23300,4.35,850.1,4.35,850.1,4.35,850.1,4.35,850.1,4.35,850.1,4.35,850.1,4.35,850.1,4.35,850.1,4.35,850.1
23350,3.75,898.6,3.75,898.6,3.75,898.6,3.75,898.6,3.75,898.6,3.75,898.6,3.75,898.6,3.75,898.6,3.75,898.6
23400,3.3,943.9,3.3,943.9,3.3,943.9,3.3,943.9,3.3,943.9,3.3,943.9,3.3,943.9,3.3,943.9,3.3,943.9
23450,2.95,1019.65,2.95,1019.65,2.95,1019.65,2.95,1019.65,2.95,1019.65,2.95,1019.65,2.95,1019.65,2.95,1019.65,2.95,1019.65
23500,2.5,1043.35,2.5,1043.35,2.5,1043.35,2.5,1043.35,2.5,1043.35,2.5,1043.35,2.5,1043.35,2.5,1043.35,2.5,1043.35
